1,1,CHACHAPOYAS,010101
2,1,ASUNCION,010102
3,1,BALSAS,010103
4,1,CHETO,010104
5,1,CHILIQUIN,010105
6,1,CHUQUIBAMBA,010106
7,1,GRANADA,010107
8,1,HUANCAS,010108
9,1,LA JALCA,010109
10,1,LEIMEBAMBA,010110
11,1,LEVANTO,010111
12,1,MAGDALENA,010112
13,1,MARISCAL CASTILLA,010113
14,1,MOLINOPAMPA,010114
15,1,MONTEVIDEO,010115
16,1,OLLEROS,010116
17,1,QUINJALCA,010117
18,1,SAN FRANCISCO DE DAGUAS,010118
19,1,SAN ISIDRO DE MAINO,010119
20,1,SOLOCO,010120
21,1,SONCHE,010121
22,2,BAGUA,010201
23,2,ARAMANGO,010202
24,2,COPALLIN,010203
25,2,EL PARCO,010204
26,2,IMAZA,010205
27,2,LA PECA,010206
28,3,JUMBILLA,010301
29,3,CHISQUILLA,010302
30,3,CHURUJA,010303
31,3,COROSHA,010304
32,3,CUISPES,010305
33,3,FLORIDA,010306
34,3,JAZAN,010307
35,3,RECTA,010308
36,3,SAN CARLOS,010309
37,3,SHIPASBAMBA,010310
38,3,VALERA,010311
39,3,YAMBRASBAMBA,010312
40,4,NIEVA,010401
41,4,EL CENEPA,010402
42,4,RIO SANTIAGO,010403
43,5,LAMUD,010501
44,5,CAMPORREDONDO,010502
45,5,COCABAMBA,010503
46,5,COLCAMAR,010504
47,5,CONILA,010505
48,5,INGUILPATA,010506
49,5,LONGUITA,010507
50,5,LONYA CHICO,010508
51,5,LUYA,010509
52,5,LUYA VIEJO,010510
53,5,MARIA,010511
54,5,OCALLI,010512
55,5,OCUMAL,010513
56,5,PISUQUIA,010514
57,5,PROVIDENCIA,010515
58,5,SAN CRISTOBAL,010516
59,5,SAN FRANCISCO DEL YESO,010517
60,5,SAN JERONIMO,010518
61,5,SAN JUAN DE LOPECANCHA,010519
62,5,SANTA CATALINA,010520
63,5,SANTO TOMAS,010521
64,5,TINGO,010522
65,5,TRITA,010523
66,6,SAN NICOLAS,010601
67,6,CHIRIMOTO,010602
68,6,COCHAMAL,010603
69,6,HUAMBO,010604
70,6,LIMABAMBA,010605
71,6,LONGAR,010606
72,6,MARISCAL BENAVIDES,010607
73,6,MILPUC,010608
74,6,OMIA,010609
75,6,SANTA ROSA,010610
76,6,TOTORA,010611
77,6,VISTA ALEGRE,010612
78,7,BAGUA GRANDE,010701
79,7,CAJARURO,010702
80,7,CUMBA,010703
81,7,EL MILAGRO,010704
82,7,JAMALCA,010705
83,7,LONYA GRANDE,010706
84,7,YAMON,010707
85,8,HUARAZ,020101
86,8,COCHABAMBA,020102
87,8,COLCABAMBA,020103
88,8,HUANCHAY,020104
89,8,INDEPENDENCIA,020105
90,8,JANGAS,020106
91,8,LA LIBERTAD,020107
92,8,OLLEROS,020108
93,8,PAMPAS GRANDE,020109
94,8,PARIACOTO,020110
95,8,PIRA,020111
96,8,TARICA,020112
97,9,AIJA,020201
98,9,CORIS,020202
99,9,HUACLLAN,020203
100,9,LA MERCED,020204
101,9,SUCCHA,020205
102,10,LLAMELLIN,020301
103,10,ACZO,020302
104,10,CHACCHO,020303
105,10,CHINGAS,020304
106,10,MIRGAS,020305
107,10,SAN JUAN DE RONTOY,020306
108,11,CHACAS,020401
109,11,ACOCHACA,020402
110,12,CHIQUIAN,020501
111,12,ABELARDO PARDO LEZAMETA,020502
112,12,ANTONIO RAYMONDI,020503
113,12,AQUIA,020504
114,12,CAJACAY,020505
115,12,CANIS,020506
116,12,COLQUIOC,020507
117,12,HUALLANCA,020508
118,12,HUASTA,020509
119,12,HUAYLLACAYAN,020510
120,12,LA PRIMAVERA,020511
121,12,MANGAS,020512
122,12,PACLLON,020513
123,12,SAN MIGUEL DE CORPANQUI,020514
124,12,TICLLOS,020515
125,13,CARHUAZ,020601
126,13,ACOPAMPA,020602
127,13,AMASHCA,020603
128,13,ANTA,020604
129,13,ATAQUERO,020605
130,13,MARCARA,020606
131,13,PARIAHUANCA,020607
132,13,SAN MIGUEL DE ACO,020608
133,13,SHILLA,020609
134,13,TINCO,020610
135,13,YUNGAR,020611
136,14,SAN LUIS,020701
137,14,SAN NICOLAS,020702
138,14,YAUYA,020703
139,15,CASMA,020801
140,15,BUENA VISTA ALTA,020802
141,15,COMANDANTE NOEL,020803
142,15,YAUTAN,020804
143,16,CORONGO,020901
144,16,ACO,020902
145,16,BAMBAS,020903
146,16,CUSCA,020904
147,16,LA PAMPA,020905
148,16,YANAC,020906
149,16,YUPAN,020907
150,17,HUARI,021001
151,17,ANRA,021002
152,17,CAJAY,021003
153,17,CHAVIN DE HUANTAR,021004
154,17,HUACACHI,021005
155,17,HUACCHIS,021006
156,17,HUACHIS,021007
157,17,HUANTAR,021008
158,17,MASIN,021009
159,17,PAUCAS,021010
160,17,PONTO,021011
161,17,RAHUAPAMPA,021012
162,17,RAPAYAN,021013
163,17,SAN MARCOS,021014
164,17,SAN PEDRO DE CHANA,021015
165,17,UCO,021016
166,18,HUARMEY,021101
167,18,COCHAPETI,021102
168,18,CULEBRAS,021103
169,18,HUAYAN,021104
170,18,MALVAS,021105
171,19,CARAZ,021201
172,19,HUALLANCA,021202
173,19,HUATA,021203
174,19,HUAYLAS,021204
175,19,MATO,021205
176,19,PAMPAROMAS,021206
177,19,PUEBLO LIBRE,021207
178,19,SANTA CRUZ,021208
179,19,SANTO TORIBIO,021209
180,19,YURACMARCA,021210
181,20,PISCOBAMBA,021301
182,20,CASCA,021302
183,20,ELEAZAR GUZMAN BARRON,021303
184,20,FIDEL OLIVAS ESCUDERO,021304
185,20,LLAMA,021305
186,20,LLUMPA,021306
187,20,LUCMA,021307
188,20,MUSGA,021308
189,21,OCROS,021401
190,21,ACAS,021402
191,21,CAJAMARQUILLA,021403
192,21,CARHUAPAMPA,021404
193,21,COCHAS,021405
194,21,CONGAS,021406
195,21,LLIPA,021407
196,21,SAN CRISTOBAL DE RAJAN,021408
197,21,SAN PEDRO,021409
198,21,SANTIAGO DE CHILCAS,021410
199,22,CABANA,021501
200,22,BOLOGNESI,021502
201,22,CONCHUCOS,021503
202,22,HUACASCHUQUE,021504
203,22,HUANDOVAL,021505
204,22,LACABAMBA,021506
205,22,LLAPO,021507
206,22,PALLASCA,021508
207,22,PAMPAS,021509
208,22,SANTA ROSA,021510
209,22,TAUCA,021511
210,23,POMABAMBA,021601
211,23,HUAYLLAN,021602
212,23,PAROBAMBA,021603
213,23,QUINUABAMBA,021604
214,24,RECUAY,021701
215,24,CATAC,021702
216,24,COTAPARACO,021703
217,24,HUAYLLAPAMPA,021704
218,24,LLACLLIN,021705
219,24,MARCA,021706
220,24,PAMPAS CHICO,021707
221,24,PARARIN,021708
222,24,TAPACOCHA,021709
223,24,TICAPAMPA,021710
224,25,CHIMBOTE,021801
225,25,CACERES DEL PERU,021802
226,25,COISHCO,021803
227,25,MACATE,021804
228,25,MORO,021805
229,25,NEPEÑA,021806
230,25,SAMANCO,021807
231,25,SANTA,021808
232,25,NUEVO CHIMBOTE,021809
233,26,SIHUAS,021901
234,26,ACOBAMBA,021902
235,26,ALFONSO UGARTE,021903
236,26,CASHAPAMPA,021904
237,26,CHINGALPO,021905
238,26,HUAYLLABAMBA,021906
239,26,QUICHES,021907
240,26,RAGASH,021908
241,26,SAN JUAN,021909
242,26,SICSIBAMBA,021910
243,27,YUNGAY,022001
244,27,CASCAPARA,022002
245,27,MANCOS,022003
246,27,MATACOTO,022004
247,27,QUILLO,022005
248,27,RANRAHIRCA,022006
249,27,SHUPLUY,022007
250,27,YANAMA,022008
251,28,ABANCAY,030101
252,28,CHACOCHE,030102
253,28,CIRCA,030103
254,28,CURAHUASI,030104
255,28,HUANIPACA,030105
256,28,LAMBRAMA,030106
257,28,PICHIRHUA,030107
258,28,SAN PEDRO DE CACHORA,030108
259,28,TAMBURCO,030109
260,29,ANDAHUAYLAS,030201
261,29,ANDARAPA,030202
262,29,CHIARA,030203
263,29,HUANCARAMA,030204
264,29,HUANCARAY,030205
265,29,HUAYANA,030206
266,29,KISHUARA,030207
267,29,PACOBAMBA,030208
268,29,PACUCHA,030209
269,29,PAMPACHIRI,030210
270,29,POMACOCHA,030211
271,29,SAN ANTONIO DE CACHI,030212
272,29,SAN JERONIMO,030213
273,29,SAN MIGUEL DE CHACCRAMPA,030214
274,29,SANTA MARIA DE CHICMO,030215
275,29,TALAVERA,030216
276,29,TUMAY HUARACA,030217
277,29,TURPO,030218
278,29,KAQUIABAMBA,030219
279,29,JOSE MARIA ARGUEDAS,030220
280,30,ANTABAMBA,030301
281,30,EL ORO,030302
282,30,HUAQUIRCA,030303
283,30,JUAN ESPINOZA MEDRANO,030304
284,30,OROPESA,030305
285,30,PACHACONAS,030306
286,30,SABAINO,030307
287,31,CHALHUANCA,030401
288,31,CAPAYA,030402
289,31,CARAYBAMBA,030403
290,31,CHAPIMARCA,030404
291,31,COLCABAMBA,030405
292,31,COTARUSE,030406
293,31,IHUAYLLO,030407
294,31,JUSTO APU SAHUARAURA,030408
295,31,LUCRE,030409
296,31,POCOHUANCA,030410
297,31,SAN JUAN DE CHACÑA,030411
298,31,SAÑAYCA,030412
299,31,SORAYA,030413
300,31,TAPAIRIHUA,030414
301,31,TINTAY,030415
302,31,TORAYA,030416
303,31,YANACA,030417
304,32,TAMBOBAMBA,030501
305,32,COTABAMBAS,030502
306,32,COYLLURQUI,030503
307,32,HAQUIRA,030504
308,32,MARA,030505
309,32,CHALLHUAHUACHO,030506
310,33,CHINCHEROS,030601
311,33,ANCO_HUALLO,030602
312,33,COCHARCAS,030603
313,33,HUACCANA,030604
314,33,OCOBAMBA,030605
315,33,ONGOY,030606
316,33,URANMARCA,030607
317,33,RANRACANCHA,030608
318,33,ROCCHACC,030609
319,33,EL PORVENIR,030610
320,33,LOS CHANKAS,030611
321,33,AHUAYRO,030612
322,34,CHUQUIBAMBILLA,030701
323,34,CURPAHUASI,030702
324,34,GAMARRA,030703
325,34,HUAYLLATI,030704
326,34,MAMARA,030705
327,34,MICAELA BASTIDAS,030706
328,34,PATAYPAMPA,030707
329,34,PROGRESO,030708
330,34,SAN ANTONIO,030709
331,34,SANTA ROSA,030710
332,34,TURPAY,030711
333,34,VILCABAMBA,030712
334,34,VIRUNDO,030713
335,34,CURASCO,030714
336,35,AREQUIPA,040101
337,35,ALTO SELVA ALEGRE,040102
338,35,CAYMA,040103
339,35,CERRO COLORADO,040104
340,35,CHARACATO,040105
341,35,CHIGUATA,040106
342,35,JACOBO HUNTER,040107
343,35,LA JOYA,040108
344,35,MARIANO MELGAR,040109
345,35,MIRAFLORES,040110
346,35,MOLLEBAYA,040111
347,35,PAUCARPATA,040112
348,35,POCSI,040113
349,35,POLOBAYA,040114
350,35,QUEQUEÑA,040115
351,35,SABANDIA,040116
352,35,SACHACA,040117
353,35,SAN JUAN DE SIGUAS,040118
354,35,SAN JUAN DE TARUCANI,040119
355,35,SANTA ISABEL DE SIGUAS,040120
356,35,SANTA RITA DE SIGUAS,040121
357,35,SOCABAYA,040122
358,35,TIABAYA,040123
359,35,UCHUMAYO,040124
360,35,VITOR,040125
361,35,YANAHUARA,040126
362,35,YARABAMBA,040127
363,35,YURA,040128
364,35,JOSE LUIS BUSTAMANTE Y RIVERO,040129
365,36,CAMANA,040201
366,36,JOSE MARIA QUIMPER,040202
367,36,MARIANO NICOLAS VALCARCEL,040203
368,36,MARISCAL CACERES,040204
369,36,NICOLAS DE PIEROLA,040205
370,36,OCOÑA,040206
371,36,QUILCA,040207
372,36,SAMUEL PASTOR,040208
373,37,CARAVELI,040301
374,37,ACARI,040302
375,37,ATICO,040303
376,37,ATIQUIPA,040304
377,37,BELLA UNION,040305
378,37,CAHUACHO,040306
379,37,CHALA,040307
380,37,CHAPARRA,040308
381,37,HUANUHUANU,040309
382,37,JAQUI,040310
383,37,LOMAS,040311
384,37,QUICACHA,040312
385,37,YAUCA,040313
386,38,APLAO,040401
387,38,ANDAGUA,040402
388,38,AYO,040403
389,38,CHACHAS,040404
390,38,CHILCAYMARCA,040405
391,38,CHOCO,040406
392,38,HUANCARQUI,040407
393,38,MACHAGUAY,040408
394,38,ORCOPAMPA,040409
395,38,PAMPACOLCA,040410
396,38,TIPAN,040411
397,38,UÑON,040412
398,38,URACA,040413
399,38,VIRACO,040414
400,39,CHIVAY,040501
401,39,ACHOMA,040502
402,39,CABANACONDE,040503
403,39,CALLALLI,040504
404,39,CAYLLOMA,040505
405,39,COPORAQUE,040506
406,39,HUAMBO,040507
407,39,HUANCA,040508
408,39,ICHUPAMPA,040509
409,39,LARI,040510
410,39,LLUTA,040511
411,39,MACA,040512
412,39,MADRIGAL,040513
413,39,SAN ANTONIO DE CHUCA,040514
414,39,SIBAYO,040515
415,39,TAPAY,040516
416,39,TISCO,040517
417,39,TUTI,040518
418,39,YANQUE,040519
419,39,MAJES,040520
420,40,CHUQUIBAMBA,040601
421,40,ANDARAY,040602
422,40,CAYARANI,040603
423,40,CHICHAS,040604
424,40,IRAY,040605
425,40,RIO GRANDE,040606
426,40,SALAMANCA,040607
427,40,YANAQUIHUA,040608
428,41,MOLLENDO,040701
429,41,COCACHACRA,040702
430,41,DEAN VALDIVIA,040703
431,41,ISLAY,040704
432,41,MEJIA,040705
433,41,PUNTA DE BOMBON,040706
434,42,COTAHUASI,040801
435,42,ALCA,040802
436,42,CHARCANA,040803
437,42,HUAYNACOTAS,040804
438,42,PAMPAMARCA,040805
439,42,PUYCA,040806
440,42,QUECHUALLA,040807
441,42,SAYLA,040808
442,42,TAURIA,040809
443,42,TOMEPAMPA,040810
444,42,TORO,040811
445,43,AYACUCHO,050101
446,43,ACOCRO,050102
447,43,ACOS VINCHOS,050103
448,43,CARMEN ALTO,050104
449,43,CHIARA,050105
450,43,OCROS,050106
451,43,PACAYCASA,050107
452,43,QUINUA,050108
453,43,SAN JOSE DE TICLLAS,050109
454,43,SAN JUAN BAUTISTA,050110
455,43,SANTIAGO DE PISCHA,050111
456,43,SOCOS,050112
457,43,TAMBILLO,050113
458,43,VINCHOS,050114
459,43,JESUS NAZARENO,050115
460,43,ANDRES AVELINO CACERES DORREGARAY,050116
461,44,CANGALLO,050201
462,44,CHUSCHI,050202
463,44,LOS MOROCHUCOS,050203
464,44,MARIA PARADO DE BELLIDO,050204
465,44,PARAS,050205
466,44,TOTOS,050206
467,45,SANCOS,050301
468,45,CARAPO,050302
469,45,SACSAMARCA,050303
470,45,SANTIAGO DE LUCANAMARCA,050304
471,46,HUANTA,050401
472,46,AYAHUANCO,050402
473,46,HUAMANGUILLA,050403
474,46,IGUAIN,050404
475,46,LURICOCHA,050405
476,46,SANTILLANA,050406
477,46,SIVIA,050407
478,46,LLOCHEGUA,050408
479,46,CANAYRE,050409
480,46,UCHURACCAY,050410
481,46,PUCACOLPA,050411
482,46,CHACA,050412
483,46,PUTIS,050413
484,47,SAN MIGUEL,050501
485,47,ANCO,050502
486,47,AYNA,050503
487,47,CHILCAS,050504
488,47,CHUNGUI,050505
489,47,LUIS CARRANZA,050506
490,47,SANTA ROSA,050507
491,47,TAMBO,050508
492,47,SAMUGARI,050509
493,47,ANCHIHUAY,050510
494,47,ORONCCOY,050511
495,47,UNION PROGRESO,050512
496,47,RIO MAGDALENA,050513
497,47,NINABAMBA,050514
498,47,PATIBAMBA,050515
499,48,PUQUIO,050601
500,48,AUCARA,050602
501,48,CABANA,050603
502,48,CARMEN SALCEDO,050604
503,48,CHAVIÑA,050605
504,48,CHIPAO,050606
505,48,HUAC-HUAS,050607
506,48,LARAMATE,050608
507,48,LEONCIO PRADO,050609
508,48,LLAUTA,050610
509,48,LUCANAS,050611
510,48,OCAÑA,050612
511,48,OTOCA,050613
512,48,SAISA,050614
513,48,SAN CRISTOBAL,050615
514,48,SAN JUAN,050616
515,48,SAN PEDRO,050617
516,48,SAN PEDRO DE PALCO,050618
517,48,SANCOS,050619
518,48,SANTA ANA DE HUAYCAHUACHO,050620
519,48,SANTA LUCIA,050621
520,49,CORACORA,050701
521,49,CHUMPI,050702
522,49,CORONEL CASTAÑEDA,050703
523,49,PACAPAUSA,050704
524,49,PULLO,050705
525,49,PUYUSCA,050706
526,49,SAN FRANCISCO DE RIVACAYCO,050707
527,49,UPAHUACHO,050708
528,50,PAUSA,050801
529,50,COLTA,050802
530,50,CORCULLA,050803
531,50,LAMPA,050804
532,50,MARCABAMBA,050805
533,50,OYOLO,050806
534,50,PARARCA,050807
535,50,SAN JAVIER DE ALPABAMBA,050808
536,50,SAN JOSE DE USHUA,050809
537,50,SARA SARA,050810
538,51,QUEROBAMBA,050901
539,51,BELEN,050902
540,51,CHALCOS,050903
541,51,CHILCAYOC,050904
542,51,HUACAÑA,050905
543,51,MORCOLLA,050906
544,51,PAICO,050907
545,51,SAN PEDRO DE LARCAY,050908
546,51,SAN SALVADOR DE QUIJE,050909
547,51,SANTIAGO DE PAUCARAY,050910
548,51,SORAS,050911
549,52,HUANCAPI,051001
550,52,ALCAMENCA,051002
551,52,APONGO,051003
552,52,ASQUIPATA,051004
553,52,CANARIA,051005
554,52,CAYARA,051006
555,52,COLCA,051007
556,52,HUAMANQUIQUIA,051008
557,52,HUANCARAYLLA,051009
558,52,HUALLA,051010
559,52,SARHUA,051011
560,52,VILCANCHOS,051012
561,53,VILCAS HUAMAN,051101
562,53,ACCOMARCA,051102
563,53,CARHUANCA,051103
564,53,CONCEPCION,051104
565,53,HUAMBALPA,051105
566,53,INDEPENDENCIA,051106
567,53,SAURAMA,051107
568,53,VISCHONGO,051108
569,54,CAJAMARCA,060101
570,54,ASUNCION,060102
571,54,CHETILLA,060103
572,54,COSPAN,060104
573,54,ENCAÑADA,060105
574,54,JESUS,060106
575,54,LLACANORA,060107
576,54,LOS BAÑOS DEL INCA,060108
577,54,MAGDALENA,060109
578,54,MATARA,060110
579,54,NAMORA,060111
580,54,SAN JUAN,060112
581,55,CAJABAMBA,060201
582,55,CACHACHI,060202
583,55,CONDEBAMBA,060203
584,55,SITACOCHA,060204
585,56,CELENDIN,060301
586,56,CHUMUCH,060302
587,56,CORTEGANA,060303
588,56,HUASMIN,060304
589,56,JORGE CHAVEZ,060305
590,56,JOSE GALVEZ,060306
591,56,MIGUEL IGLESIAS,060307
592,56,OXAMARCA,060308
593,56,SOROCHUCO,060309
594,56,SUCRE,060310
595,56,UTCO,060311
596,56,LA LIBERTAD DE PALLAN,060312
597,57,CHOTA,060401
598,57,ANGUIA,060402
599,57,CHADIN,060403
600,57,CHIGUIRIP,060404
601,57,CHIMBAN,060405
602,57,CHOROPAMPA,060406
603,57,COCHABAMBA,060407
604,57,CONCHAN,060408
605,57,HUAMBOS,060409
606,57,LAJAS,060410
607,57,LLAMA,060411
608,57,MIRACOSTA,060412
609,57,PACCHA,060413
610,57,PION,060414
611,57,QUEROCOTO,060415
612,57,SAN JUAN DE LICUPIS,060416
613,57,TACABAMBA,060417
614,57,TOCMOCHE,060418
615,57,CHALAMARCA,060419
616,58,CONTUMAZA,060501
617,58,CHILETE,060502
618,58,CUPISNIQUE,060503
619,58,GUZMANGO,060504
620,58,SAN BENITO,060505
621,58,SANTA CRUZ DE TOLED,060506
622,58,TANTARICA,060507
623,58,YONAN,060508
624,59,CUTERVO,060601
625,59,CALLAYUC,060602
626,59,CHOROS,060603
627,59,CUJILLO,060604
628,59,LA RAMADA,060605
629,59,PIMPINGOS,060606
630,59,QUEROCOTILLO,060607
631,59,SAN ANDRES DE CUTERVO,060608
632,59,SAN JUAN DE CUTERVO,060609
633,59,SAN LUIS DE LUCMA,060610
634,59,SANTA CRUZ,060611
635,59,SANTO DOMINGO DE LA CAPILLA,060612
636,59,SANTO TOMAS,060613
637,59,SOCOTA,060614
638,59,TORIBIO CASANOVA,060615
639,60,BAMBAMARCA,060701
640,60,CHUGUR,060702
641,60,HUALGAYOC,060703
642,61,JAEN,060801
643,61,BELLAVISTA,060802
644,61,CHONTALI,060803
645,61,COLASAY,060804
646,61,HUABAL,060805
647,61,LAS PIRIAS,060806
648,61,POMAHUACA,060807
649,61,PUCARA,060808
650,61,SALLIQUE,060809
651,61,SAN FELIPE,060810
652,61,SAN JOSE DEL ALTO,060811
653,61,SANTA ROSA,060812
654,62,SAN IGNACIO,060901
655,62,CHIRINOS,060902
656,62,HUARANGO,060903
657,62,LA COIPA,060904
658,62,NAMBALLE,060905
659,62,SAN JOSE DE LOURDES,060906
660,62,TABACONAS,060907
661,63,PEDRO GALVEZ,061001
662,63,CHANCAY,061002
663,63,EDUARDO VILLANUEVA,061003
664,63,GREGORIO PITA,061004
665,63,ICHOCAN,061005
666,63,JOSE MANUEL QUIROZ,061006
667,63,JOSE SABOGAL,061007
668,64,SAN MIGUEL,061101
669,64,BOLIVAR,061102
670,64,CALQUIS,061103
671,64,CATILLUC,061104
672,64,EL PRADO,061105
673,64,LA FLORIDA,061106
674,64,LLAPA,061107
675,64,NANCHOC,061108
676,64,NIEPOS,061109
677,64,SAN GREGORIO,061110
678,64,SAN SILVESTRE DE COCHAN,061111
679,64,TONGOD,061112
680,64,UNION AGUA BLANCA,061113
681,65,SAN PABLO,061201
682,65,SAN BERNARDINO,061202
683,65,SAN LUIS,061203
684,65,TUMBADEN,061204
685,66,SANTA CRUZ,061301
686,66,ANDABAMBA,061302
687,66,CATACHE,061303
688,66,CHANCAYBAÑOS,061304
689,66,LA ESPERANZA,061305
690,66,NINABAMBA,061306
691,66,PULAN,061307
692,66,SAUCEPAMPA,061308
693,66,SEXI,061309
694,66,UTICYACU,061310
695,66,YAUYUCAN,061311
696,67,CALLAO,070101
697,67,BELLAVISTA,070102
698,67,CARMEN DE LA LEGUA REYNOSO,070103
699,67,LA PERLA,070104
700,67,LA PUNTA,070105
701,67,VENTANILLA,070106
702,67,MI PERU,070107
703,68,CUSCO,080101
704,68,CCORCA,080102
705,68,POROY,080103
706,68,SAN JERONIMO,080104
707,68,SAN SEBASTIAN,080105
708,68,SANTIAGO,080106
709,68,SAYLLA,080107
710,68,WANCHAQ,080108
711,69,ACOMAYO,080201
712,69,ACOPIA,080202
713,69,ACOS,080203
714,69,MOSOC LLACTA,080204
715,69,POMACANCHI,080205
716,69,RONDOCAN,080206
717,69,SANGARARA,080207
718,70,ANTA,080301
719,70,ANCAHUASI,080302
720,70,CACHIMAYO,080303
721,70,CHINCHAYPUJIO,080304
722,70,HUAROCONDO,080305
723,70,LIMATAMBO,080306
724,70,MOLLEPATA,080307
725,70,PUCYURA,080308
726,70,ZURITE,080309
727,71,CALCA,080401
728,71,COYA,080402
729,71,LAMAY,080403
730,71,LARES,080404
731,71,PISAC,080405
732,71,SAN SALVADOR,080406
733,71,TARAY,080407
734,71,YANATILE,080408
735,72,YANAOCA,080501
736,72,CHECCA,080502
737,72,KUNTURKANKI,080503
738,72,LANGUI,080504
739,72,LAYO,080505
740,72,PAMPAMARCA,080506
741,72,QUEHUE,080507
742,72,TUPAC AMARU,080508
743,73,SICUANI,080601
744,73,CHECACUPE,080602
745,73,COMBAPATA,080603
746,73,MARANGANI,080604
747,73,PITUMARCA,080605
748,73,SAN PABLO,080606
749,73,SAN PEDRO,080607
750,73,TINTA,080608
751,74,SANTO TOMAS,080701
752,74,CAPACMARCA,080702
753,74,CHAMACA,080703
754,74,COLQUEMARCA,080704
755,74,LIVITACA,080705
756,74,LLUSCO,080706
757,74,QUIÑOTA,080707
758,74,VELILLE,080708
759,75,ESPINAR,080801
760,75,CONDOROMA,080802
761,75,COPORAQUE,080803
762,75,OCORURO,080804
763,75,PALLPATA,080805
764,75,PICHIGUA,080806
765,75,SUYCKUTAMBO,080807
766,75,ALTO PICHIGUA,080808
767,76,SANTA ANA,080901
768,76,ECHARATE,080902
769,76,HUAYOPATA,080903
770,76,MARANURA,080904
771,76,OCOBAMBA,080905
772,76,QUELLOUNO,080906
773,76,KIMBIRI,080907
774,76,SANTA TERESA,080908
775,76,VILCABAMBA,080909
776,76,PICHARI,080910
777,76,INKAWASI,080911
778,76,VILLA VIRGEN,080912
779,76,VILLA KINTIARINA,080913
780,76,MEGANTONI,080914
781,76,KUMPIRUSHIATO,080915
782,76,CIELO PUNCO,080916
783,76,MANITEA,080917
784,76,UNION ASHANINKA,080918
785,77,PARURO,081001
786,77,ACCHA,081002
787,77,CCAPI,081003
788,77,COLCHA,081004
789,77,HUANOQUITE,081005
790,77,OMACHA,081006
791,77,PACCARITAMBO,081007
792,77,PILLPINTO,081008
793,77,YAURISQUE,081009
794,78,PAUCARTAMBO,081101
795,78,CAICAY,081102
796,78,CHALLABAMBA,081103
797,78,COLQUEPATA,081104
798,78,HUANCARANI,081105
799,78,KOSÑIPATA,081106
800,79,URCOS,081201
801,79,ANDAHUAYLILLAS,081202
802,79,CAMANTI,081203
803,79,CCARHUAYO,081204
804,79,CCATCA,081205
805,79,CUSIPATA,081206
806,79,HUARO,081207
807,79,LUCRE,081208
808,79,MARCAPATA,081209
809,79,OCONGATE,081210
810,79,OROPESA,081211
811,79,QUIQUIJANA,081212
812,80,URUBAMBA,081301
813,80,CHINCHERO,081302
814,80,HUAYLLABAMBA,081303
815,80,MACHUPICCHU,081304
816,80,MARAS,081305
817,80,OLLANTAYTAMBO,081306
818,80,YUCAY,081307
819,81,HUANCAVELICA,090101
820,81,ACOBAMBILLA,090102
821,81,ACORIA,090103
822,81,CONAYCA,090104
823,81,CUENCA,090105
824,81,HUACHOCOLPA,090106
825,81,HUAYLLAHUARA,090107
826,81,IZCUCHACA,090108
827,81,LARIA,090109
828,81,MANTA,090110
829,81,MARISCAL CACERES,090111
830,81,MOYA,090112
831,81,NUEVO OCCORO,090113
832,81,PALCA,090114
833,81,PILCHACA,090115
834,81,VILCA,090116
835,81,YAULI,090117
836,81,ASCENSION,090118
837,81,HUANDO,090119
838,82,ACOBAMBA,090201
839,82,ANDABAMBA,090202
840,82,ANTA,090203
841,82,CAJA,090204
842,82,MARCAS,090205
843,82,PAUCARA,090206
844,82,POMACOCHA,090207
845,82,ROSARIO,090208
846,83,LIRCAY,090301
847,83,ANCHONGA,090302
848,83,CALLANMARCA,090303
849,83,CCOCHACCASA,090304
850,83,CHINCHO,090305
851,83,CONGALLA,090306
852,83,HUANCA-HUANCA,090307
853,83,HUAYLLAY GRANDE,090308
854,83,JULCAMARCA,090309
855,83,SAN ANTONIO DE ANTAPARCO,090310
856,83,SANTO TOMAS DE PATA,090311
857,83,SECCLLA,090312
858,84,CASTROVIRREYNA,090401
859,84,ARMA,090402
860,84,AURAHUA,090403
861,84,CAPILLAS,090404
862,84,CHUPAMARCA,090405
863,84,COCAS,090406
864,84,HUACHOS,090407
865,84,HUAMATAMBO,090408
866,84,MOLLEPAMPA,090409
867,84,SAN JUAN,090410
868,84,SANTA ANA,090411
869,84,TANTARA,090412
870,84,TICRAPO,090413
871,85,CHURCAMPA,090501
872,85,ANCO,090502
873,85,CHINCHIHUASI,090503
874,85,EL CARMEN,090504
875,85,LA MERCED,090505
876,85,LOCROJA,090506
877,85,PAUCARBAMBA,090507
878,85,SAN MIGUEL DE MAYOCC,090508
879,85,SAN PEDRO DE CORIS,090509
880,85,PACHAMARCA,090510
881,85,COSME,090511
882,86,HUAYTARA,090601
883,86,AYAVI,090602
884,86,CORDOVA,090603
885,86,HUAYACUNDO ARMA,090604
886,86,LARAMARCA,090605
887,86,OCOYO,090606
888,86,PILPICHACA,090607
889,86,QUERCO,090608
890,86,QUITO-ARMA,090609
891,86,SAN ANTONIO DE CUSICANCHA,090610
892,86,SAN FRANCISCO DE SANGAYAICO,090611
893,86,SAN ISIDRO,090612
894,86,SANTIAGO DE CHOCORVOS,090613
895,86,SANTIAGO DE QUIRAHUARA,090614
896,86,SANTO DOMINGO DE CAPILLAS,090615
897,86,TAMBO,090616
898,87,PAMPAS,090701
899,87,ACOSTAMBO,090702
900,87,ACRAQUIA,090703
901,87,AHUAYCHA,090704
902,87,COLCABAMBA,090705
903,87,DANIEL HERNANDEZ,090706
904,87,HUACHOCOLPA,090707
905,87,HUARIBAMBA,090709
906,87,ÑAHUIMPUQUIO,090710
907,87,PAZOS,090711
908,87,QUISHUAR,090713
909,87,SALCABAMBA,090714
910,87,SALCAHUASI,090715
911,87,SAN MARCOS DE ROCCHAC,090716
912,87,SURCUBAMBA,090717
913,87,TINTAY PUNCU,090718
914,87,QUICHUAS,090719
915,87,ANDAYMARCA,090720
916,87,ROBLE,090721
917,87,PICHOS,090722
918,87,SANTIAGO DE TUCUMA,090723
919,87,LAMBRAS,090724
920,87,COCHABAMBA,090725
921,88,HUANUCO,100101
922,88,AMARILIS,100102
923,88,CHINCHAO,100103
924,88,CHURUBAMBA,100104
925,88,MARGOS,100105
926,88,QUISQUI (KICHKI),100106
927,88,SAN FRANCISCO DE CAYRAN,100107
928,88,SAN PEDRO DE CHAULAN,100108
929,88,SANTA MARIA DEL VALLE,100109
930,88,YARUMAYO,100110
931,88,PILLCO MARCA,100111
932,88,YACUS,100112
933,88,SAN PABLO DE PILLAO,100113
934,89,AMBO,100201
935,89,CAYNA,100202
936,89,COLPAS,100203
937,89,CONCHAMARCA,100204
938,89,HUACAR,100205
939,89,SAN FRANCISCO,100206
940,89,SAN RAFAEL,100207
941,89,TOMAY KICHWA,100208
942,90,LA UNION,100301
943,90,CHUQUIS,100307
944,90,MARIAS,100311
945,90,PACHAS,100313
946,90,QUIVILLA,100316
947,90,RIPAN,100317
948,90,SHUNQUI,100321
949,90,SILLAPATA,100322
950,90,YANAS,100323
951,91,HUACAYBAMBA,100401
952,91,CANCHABAMBA,100402
953,91,COCHABAMBA,100403
954,91,PINRA,100404
955,92,LLATA,100501
956,92,ARANCAY,100502
957,92,CHAVIN DE PARIARCA,100503
958,92,JACAS GRANDE,100504
959,92,JIRCAN,100505
960,92,MIRAFLORES,100506
961,92,MONZON,100507
962,92,PUNCHAO,100508
963,92,PUÑOS,100509
964,92,SINGA,100510
965,92,TANTAMAYO,100511
966,93,RUPA-RUPA,100601
967,93,DANIEL ALOMIA ROBLES,100602
968,93,HERMILIO VALDIZAN,100603
969,93,JOSE CRESPO Y CASTILLO,100604
970,93,LUYANDO,100605
971,93,MARIANO DAMASO BERAUN,100606
972,93,PUCAYACU,100607
973,93,CASTILLO GRANDE,100608
974,93,PUEBLO NUEVO,100609
975,93,SANTO DOMINGO DE ANDA,100610
976,94,HUACRACHUCO,100701
977,94,CHOLON,100702
978,94,SAN BUENAVENTURA,100703
979,94,LA MORADA,100704
980,94,SANTA ROSA DE ALTO YANAJANCA,100705
981,95,PANAO,100801
982,95,CHAGLLA,100802
983,95,MOLINO,100803
984,95,UMARI,100804
985,96,PUERTO INCA,100901
986,96,CODO DEL POZUZO,100902
987,96,HONORIA,100903
988,96,TOURNAVISTA,100904
989,96,YUYAPICHIS,100905
990,97,JESUS,101001
991,97,BAÑOS,101002
992,97,JIVIA,101003
993,97,QUEROPALCA,101004
994,97,RONDOS,101005
995,97,SAN FRANCISCO DE ASIS,101006
996,97,SAN MIGUEL DE CAURI,101007
997,98,CHAVINILLO,101101
998,98,CAHUAC,101102
999,98,CHACABAMBA,101103
1000,98,APARICIO POMARES,101104
1001,98,JACAS CHICO,101105
1002,98,OBAS,101106
1003,98,PAMPAMARCA,101107
1004,98,CHORAS,101108
1005,99,ICA,110101
1006,99,LA TINGUIÑA,110102
1007,99,LOS AQUIJES,110103
1008,99,OCUCAJE,110104
1009,99,PACHACUTEC,110105
1010,99,PARCONA,110106
1011,99,PUEBLO NUEVO,110107
1012,99,SALAS,110108
1013,99,SAN JOSE DE LOS MOLINOS,110109
1014,99,SAN JUAN BAUTISTA,110110
1015,99,SANTIAGO,110111
1016,99,SUBTANJALLA,110112
1017,99,TATE,110113
1018,99,YAUCA DEL ROSARIO,110114
1019,100,CHINCHA ALTA,110201
1020,100,ALTO LARAN,110202
1021,100,CHAVIN,110203
1022,100,CHINCHA BAJA,110204
1023,100,EL CARMEN,110205
1024,100,GROCIO PRADO,110206
1025,100,PUEBLO NUEVO,110207
1026,100,SAN JUAN DE YANAC,110208
1027,100,SAN PEDRO DE HUACARPANA,110209
1028,100,SUNAMPE,110210
1029,100,TAMBO DE MORA,110211
1030,101,NASCA,110301
1031,101,CHANGUILLO,110302
1032,101,EL INGENIO,110303
1033,101,MARCONA,110304
1034,101,VISTA ALEGRE,110305
1035,102,PALPA,110401
1036,102,LLIPATA,110402
1037,102,RIO GRANDE,110403
1038,102,SANTA CRUZ,110404
1039,102,TIBILLO,110405
1040,103,PISCO,110501
1041,103,HUANCANO,110502
1042,103,HUMAY,110503
1043,103,INDEPENDENCIA,110504
1044,103,PARACAS,110505
1045,103,SAN ANDRES,110506
1046,103,SAN CLEMENTE,110507
1047,103,TUPAC AMARU INCA,110508
1048,104,HUANCAYO,120101
1049,104,CARHUACALLANGA,120104
1050,104,CHACAPAMPA,120105
1051,104,CHICCHE,120106
1052,104,CHILCA,120107
1053,104,CHONGOS ALTO,120108
1054,104,CHUPURO,120111
1055,104,COLCA,120112
1056,104,CULLHUAS,120113
1057,104,EL TAMBO,120114
1058,104,HUACRAPUQUIO,120116
1059,104,HUALHUAS,120117
1060,104,HUANCAN,120119
1061,104,HUASICANCHA,120120
1062,104,HUAYUCACHI,120121
1063,104,INGENIO,120122
1064,104,PARIAHUANCA,120124
1065,104,PILCOMAYO,120125
1066,104,PUCARA,120126
1067,104,QUICHUAY,120127
1068,104,QUILCAS,120128
1069,104,SAN AGUSTIN,120129
1070,104,SAN JERONIMO DE TUNAN,120130
1071,104,SAÑO,120132
1072,104,SAPALLANGA,120133
1073,104,SICAYA,120134
1074,104,SANTO DOMINGO DE ACOBAMBA,120135
1075,104,VIQUES,120136
1076,105,CONCEPCION,120201
1077,105,ACO,120202
1078,105,ANDAMARCA,120203
1079,105,CHAMBARA,120204
1080,105,COCHAS,120205
1081,105,COMAS,120206
1082,105,HEROINAS TOLEDO,120207
1083,105,MANZANARES,120208
1084,105,MARISCAL CASTILLA,120209
1085,105,MATAHUASI,120210
1086,105,MITO,120211
1087,105,NUEVE DE JULIO,120212
1088,105,ORCOTUNA,120213
1089,105,SAN JOSE DE QUERO,120214
1090,105,SANTA ROSA DE OCOPA,120215
1091,106,CHANCHAMAYO,120301
1092,106,PERENE,120302
1093,106,PICHANAQUI,120303
1094,106,SAN LUIS DE SHUARO,120304
1095,106,SAN RAMON,120305
1096,106,VITOC,120306
1097,107,JAUJA,120401
1098,107,ACOLLA,120402
1099,107,APATA,120403
1100,107,ATAURA,120404
1101,107,CANCHAYLLO,120405
1102,107,CURICACA,120406
1103,107,EL MANTARO,120407
1104,107,HUAMALI,120408
1105,107,HUARIPAMPA,120409
1106,107,HUERTAS,120410
1107,107,JANJAILLO,120411
1108,107,JULCAN,120412
1109,107,LEONOR ORDOÑEZ,120413
1110,107,LLOCLLAPAMPA,120414
1111,107,MARCO,120415
1112,107,MASMA,120416
1113,107,MASMA CHICCHE,120417
1114,107,MOLINOS,120418
1115,107,MONOBAMBA,120419
1116,107,MUQUI,120420
1117,107,MUQUIYAUYO,120421
1118,107,PACA,120422
1119,107,PACCHA,120423
1120,107,PANCAN,120424
1121,107,PARCO,120425
1122,107,POMACANCHA,120426
1123,107,RICRAN,120427
1124,107,SAN LORENZO,120428
1125,107,SAN PEDRO DE CHUNAN,120429
1126,107,SAUSA,120430
1127,107,SINCOS,120431
1128,107,TUNAN MARCA,120432
1129,107,YAULI,120433
1130,107,YAUYOS,120434
1131,108,JUNIN,120501
1132,108,CARHUAMAYO,120502
1133,108,ONDORES,120503
1134,108,ULCUMAYO,120504
1135,109,SATIPO,120601
1136,109,COVIRIALI,120602
1137,109,LLAYLLA,120603
1138,109,MAZAMARI,120604
1139,109,PAMPA HERMOSA,120605
1140,109,PANGOA,120606
1141,109,RIO NEGRO,120607
1142,109,RIO TAMBO,120608
1143,109,VIZCATÁN DEL ENE,120609
1144,110,TARMA,120701
1145,110,ACOBAMBA,120702
1146,110,HUARICOLCA,120703
1147,110,HUASAHUASI,120704
1148,110,LA UNION,120705
1149,110,PALCA,120706
1150,110,PALCAMAYO,120707
1151,110,SAN PEDRO DE CAJAS,120708
1152,110,TAPO,120709
1153,111,LA OROYA,120801
1154,111,CHACAPALPA,120802
1155,111,HUAY-HUAY,120803
1156,111,MARCAPOMACOCHA,120804
1157,111,MOROCOCHA,120805
1158,111,PACCHA,120806
1159,111,SANTA BARBARA DE CARHUACAYAN,120807
1160,111,SANTA ROSA DE SACCO,120808
1161,111,SUITUCANCHA,120809
1162,111,YAULI,120810
1163,112,CHUPACA,120901
1164,112,AHUAC,120902
1165,112,CHONGOS BAJO,120903
1166,112,HUACHAC,120904
1167,112,HUAMANCACA CHICO,120905
1168,112,SAN JUAN DE ISCOS,120906
1169,112,SAN JUAN DE JARPA,120907
1170,112,TRES DE DICIEMBRE,120908
1171,112,YANACANCHA,120909
1172,113,TRUJILLO,130101
1173,113,EL PORVENIR,130102
1174,113,FLORENCIA DE MORA,130103
1175,113,HUANCHACO,130104
1176,113,LA ESPERANZA,130105
1177,113,LAREDO,130106
1178,113,MOCHE,130107
1179,113,POROTO,130108
1180,113,SALAVERRY,130109
1181,113,SIMBAL,130110
1182,113,VICTOR LARCO HERRERA,130111
1183,113,ALTO TRUJILLO,130112
1184,114,ASCOPE,130201
1185,114,CHICAMA,130202
1186,114,CHOCOPE,130203
1187,114,MAGDALENA DE CAO,130204
1188,114,PAIJAN,130205
1189,114,RAZURI,130206
1190,114,SANTIAGO DE CAO,130207
1191,114,CASA GRANDE,130208
1192,115,BOLIVAR,130301
1193,115,BAMBAMARCA,130302
1194,115,CONDORMARCA,130303
1195,115,LONGOTEA,130304
1196,115,UCHUMARCA,130305
1197,115,UCUNCHA,130306
1198,116,CHEPEN,130401
1199,116,PACANGA,130402
1200,116,PUEBLO NUEVO,130403
1201,117,JULCAN,130501
1202,117,CALAMARCA,130502
1203,117,CARABAMBA,130503
1204,117,HUASO,130504
1205,118,OTUZCO,130601
1206,118,AGALLPAMPA,130602
1207,118,CHARAT,130604
1208,118,HUARANCHAL,130605
1209,118,LA CUESTA,130606
1210,118,MACHE,130608
1211,118,PARANDAY,130610
1212,118,SALPO,130611
1213,118,SINSICAP,130613
1214,118,USQUIL,130614
1215,119,SAN PEDRO DE LLOC,130701
1216,119,GUADALUPE,130702
1217,119,JEQUETEPEQUE,130703
1218,119,PACASMAYO,130704
1219,119,SAN JOSE,130705
1220,120,TAYABAMBA,130801
1221,120,BULDIBUYO,130802
1222,120,CHILLIA,130803
1223,120,HUANCASPATA,130804
1224,120,HUAYLILLAS,130805
1225,120,HUAYO,130806
1226,120,ONGON,130807
1227,120,PARCOY,130808
1228,120,PATAZ,130809
1229,120,PIAS,130810
1230,120,SANTIAGO DE CHALLAS,130811
1231,120,TAURIJA,130812
1232,120,URPAY,130813
1233,121,HUAMACHUCO,130901
1234,121,CHUGAY,130902
1235,121,COCHORCO,130903
1236,121,CURGOS,130904
1237,121,MARCABAL,130905
1238,121,SANAGORAN,130906
1239,121,SARIN,130907
1240,121,SARTIMBAMBA,130908
1241,122,SANTIAGO DE CHUCO,131001
1242,122,ANGASMARCA,131002
1243,122,CACHICADAN,131003
1244,122,MOLLEBAMBA,131004
1245,122,MOLLEPATA,131005
1246,122,QUIRUVILCA,131006
1247,122,SANTA CRUZ DE CHUCA,131007
1248,122,SITABAMBA,131008
1249,123,CASCAS,131101
1250,123,LUCMA,131102
1251,123,MARMOT,131103
1252,123,SAYAPULLO,131104
1253,124,VIRU,131201
1254,124,CHAO,131202
1255,124,GUADALUPITO,131203
1256,125,CHICLAYO,140101
1257,125,CHONGOYAPE,140102
1258,125,ETEN,140103
1259,125,ETEN PUERTO,140104
1260,125,JOSE LEONARDO ORTIZ,140105
1261,125,LA VICTORIA,140106
1262,125,LAGUNAS,140107
1263,125,MONSEFU,140108
1264,125,NUEVA ARICA,140109
1265,125,OYOTUN,140110
1266,125,PICSI,140111
1267,125,PIMENTEL,140112
1268,125,REQUE,140113
1269,125,SANTA ROSA,140114
1270,125,SAÑA,140115
1271,125,CAYALTI,140116
1272,125,PATAPO,140117
1273,125,POMALCA,140118
1274,125,PUCALA,140119
1275,125,TUMAN,140120
1276,126,FERREÑAFE,140201
1277,126,CAÑARIS,140202
1278,126,INCAHUASI,140203
1279,126,MANUEL ANTONIO MESONES MURO,140204
1280,126,PITIPO,140205
1281,126,PUEBLO NUEVO,140206
1282,127,LAMBAYEQUE,140301
1283,127,CHOCHOPE,140302
1284,127,ILLIMO,140303
1285,127,JAYANCA,140304
1286,127,MOCHUMI,140305
1287,127,MORROPE,140306
1288,127,MOTUPE,140307
1289,127,OLMOS,140308
1290,127,PACORA,140309
1291,127,SALAS,140310
1292,127,SAN JOSE,140311
1293,127,TUCUME,140312
1294,128,LIMA,150101
1295,128,ANCON,150102
1296,128,ATE,150103
1297,128,BARRANCO,150104
1298,128,BREÑA,150105
1299,128,CARABAYLLO,150106
1300,128,CHACLACAYO,150107
1301,128,CHORRILLOS,150108
1302,128,CIENEGUILLA,150109
1303,128,COMAS,150110
1304,128,EL AGUSTINO,150111
1305,128,INDEPENDENCIA,150112
1306,128,JESUS MARIA,150113
1307,128,LA MOLINA,150114
1308,128,LA VICTORIA,150115
1309,128,LINCE,150116
1310,128,LOS OLIVOS,150117
1311,128,LURIGANCHO,150118
1312,128,LURIN,150119
1313,128,MAGDALENA DEL MAR,150120
1314,128,PUEBLO LIBRE,150121
1315,128,MIRAFLORES,150122
1316,128,PACHACAMAC,150123
1317,128,PUCUSANA,150124
1318,128,PUENTE PIEDRA,150125
1319,128,PUNTA HERMOSA,150126
1320,128,PUNTA NEGRA,150127
1321,128,RIMAC,150128
1322,128,SAN BARTOLO,150129
1323,128,SAN BORJA,150130
1324,128,SAN ISIDRO,150131
1325,128,SAN JUAN DE LURIGANCHO,150132
1326,128,SAN JUAN DE MIRAFLORES,150133
1327,128,SAN LUIS,150134
1328,128,SAN MARTIN DE PORRES,150135
1329,128,SAN MIGUEL,150136
1330,128,SANTA ANITA,150137
1331,128,SANTA MARIA DEL MAR,150138
1332,128,SANTA ROSA,150139
1333,128,SANTIAGO DE SURCO,150140
1334,128,SURQUILLO,150141
1335,128,VILLA EL SALVADOR,150142
1336,128,VILLA MARIA DEL TRIUNFO,150143
1337,129,BARRANCA,150201
1338,129,PARAMONGA,150202
1339,129,PATIVILCA,150203
1340,129,SUPE,150204
1341,129,SUPE PUERTO,150205
1342,130,CAJATAMBO,150301
1343,130,COPA,150302
1344,130,GORGOR,150303
1345,130,HUANCAPON,150304
1346,130,MANAS,150305
1347,131,CANTA,150401
1348,131,ARAHUAY,150402
1349,131,HUAMANTANGA,150403
1350,131,HUAROS,150404
1351,131,LACHAQUI,150405
1352,131,SAN BUENAVENTURA,150406
1353,131,SANTA ROSA DE QUIVES,150407
1354,132,SAN VICENTE DE CAÑETE,150501
1355,132,ASIA,150502
1356,132,CALANGO,150503
1357,132,CERRO AZUL,150504
1358,132,CHILCA,150505
1359,132,COAYLLO,150506
1360,132,IMPERIAL,150507
1361,132,LUNAHUANA,150508
1362,132,MALA,150509
1363,132,NUEVO IMPERIAL,150510
1364,132,PACARAN,150511
1365,132,QUILMANA,150512
1366,132,SAN ANTONIO,150513
1367,132,SAN LUIS,150514
1368,132,SANTA CRUZ DE FLORES,150515
1369,132,ZUÑIGA,150516
1370,133,HUARAL,150601
1371,133,ATAVILLOS ALTO,150602
1372,133,ATAVILLOS BAJO,150603
1373,133,AUCALLAMA,150604
1374,133,CHANCAY,150605
1375,133,IHUARI,150606
1376,133,LAMPIAN,150607
1377,133,PACARAOS,150608
1378,133,SAN MIGUEL DE ACOS,150609
1379,133,SANTA CRUZ DE ANDAMARCA,150610
1380,133,SUMBILCA,150611
1381,133,VEINTISIETE DE NOVIEMBRE,150612
1382,134,MATUCANA,150701
1383,134,ANTIOQUIA,150702
1384,134,CALLAHUANCA,150703
1385,134,CARAMPOMA,150704
1386,134,CHICLA,150705
1387,134,CUENCA,150706
1388,134,HUACHUPAMPA,150707
1389,134,HUANZA,150708
1390,134,HUAROCHIRI,150709
1391,134,LAHUAYTAMBO,150710
1392,134,LANGA,150711
1393,134,SAN PEDRO DE LARAOS,150712
1394,134,MARIATANA,150713
1395,134,RICARDO PALMA,150714
1396,134,SAN ANDRES DE TUPICOCHA,150715
1397,134,SAN ANTONIO,150716
1398,134,SAN BARTOLOME,150717
1399,134,SAN DAMIAN,150718
1400,134,SAN JUAN DE IRIS,150719
1401,134,SAN JUAN DE TANTARANCHE,150720
1402,134,SAN LORENZO DE QUINTI,150721
1403,134,SAN MATEO,150722
1404,134,SAN MATEO DE OTAO,150723
1405,134,SAN PEDRO DE CASTA,150724
1406,134,SAN PEDRO DE HUANCAYRE,150725
1407,134,SANGALLAYA,150726
1408,134,SANTA CRUZ DE COCACHACRA,150727
1409,134,SANTA EULALIA,150728
1410,134,SANTIAGO DE ANCHUCAYA,150729
1411,134,SANTIAGO DE TUNA,150730
1412,134,SANTO DOMINGO DE LOS OLLEROS,150731
1413,134,SURCO,150732
1414,135,HUACHO,150801
1415,135,AMBAR,150802
1416,135,CALETA DE CARQUIN,150803
1417,135,CHECRAS,150804
1418,135,HUALMAY,150805
1419,135,HUAURA,150806
1420,135,LEONCIO PRADO,150807
1421,135,PACCHO,150808
1422,135,SANTA LEONOR,150809
1423,135,SANTA MARIA,150810
1424,135,SAYAN,150811
1425,135,VEGUETA,150812
1426,136,OYON,150901
1427,136,ANDAJES,150902
1428,136,CAUJUL,150903
1429,136,COCHAMARCA,150904
1430,136,NAVAN,150905
1431,136,PACHANGARA,150906
1432,137,YAUYOS,151001
1433,137,ALIS,151002
1434,137,ALLAUCA,151003
1435,137,AYAVIRI,151004
1436,137,AZANGARO,151005
1437,137,CACRA,151006
1438,137,CARANIA,151007
1439,137,CATAHUASI,151008
1440,137,CHOCOS,151009
1441,137,COCHAS,151010
1442,137,COLONIA,151011
1443,137,HONGOS,151012
1444,137,HUAMPARA,151013
1445,137,HUANCAYA,151014
1446,137,HUANGASCAR,151015
1447,137,HUANTAN,151016
1448,137,HUAÑEC,151017
1449,137,LARAOS,151018
1450,137,LINCHA,151019
1451,137,MADEAN,151020
1452,137,MIRAFLORES,151021
1453,137,OMAS,151022
1454,137,PUTINZA,151023
1455,137,QUINCHES,151024
1456,137,QUINOCAY,151025
1457,137,SAN JOAQUIN,151026
1458,137,SAN PEDRO DE PILAS,151027
1459,137,TANTA,151028
1460,137,TAURIPAMPA,151029
1461,137,TOMAS,151030
1462,137,TUPE,151031
1463,137,VIÑAC,151032
1464,137,VITIS,151033
1465,138,IQUITOS,160101
1466,138,ALTO NANAY,160102
1467,138,FERNANDO LORES,160103
1468,138,INDIANA,160104
1469,138,LAS AMAZONAS,160105
1470,138,MAZAN,160106
1471,138,NAPO,160107
1472,138,PUNCHANA,160108
1473,138,TORRES CAUSANA,160110
1474,138,BELEN,160112
1475,138,SAN JUAN BAUTISTA,160113
1476,139,YURIMAGUAS,160201
1477,139,BALSAPUERTO,160202
1478,139,JEBEROS,160205
1479,139,LAGUNAS,160206
1480,139,SANTA CRUZ,160210
1481,139,TENIENTE CESAR LOPEZ ROJAS,160211
1482,140,NAUTA,160301
1483,140,PARINARI,160302
1484,140,TIGRE,160303
1485,140,TROMPETEROS,160304
1486,140,URARINAS,160305
1487,141,RAMON CASTILLA,160401
1488,141,PEBAS,160402
1489,141,YAVARI,160403
1490,141,SAN PABLO,160404
1491,142,REQUENA,160501
1492,142,ALTO TAPICHE,160502
1493,142,CAPELO,160503
1494,142,EMILIO SAN MARTIN,160504
1495,142,MAQUIA,160505
1496,142,PUINAHUA,160506
1497,142,SAQUENA,160507
1498,142,SOPLIN,160508
1499,142,TAPICHE,160509
1500,142,JENARO HERRERA,160510
1501,142,YAQUERANA,160511
1502,143,CONTAMANA,160601
1503,143,INAHUAYA,160602
1504,143,PADRE MARQUEZ,160603
1505,143,PAMPA HERMOSA,160604
1506,143,SARAYACU,160605
1507,143,VARGAS GUERRA,160606
1508,144,BARRANCA,160701
1509,144,CAHUAPANAS,160702
1510,144,MANSERICHE,160703
1511,144,MORONA,160704
1512,144,PASTAZA,160705
1513,144,ANDOAS,160706
1514,145,PUTUMAYO,160801
1515,145,ROSA PANDURO,160802
1516,145,TENIENTE MANUEL CLAVERO,160803
1517,145,YAGUAS,160804
1518,146,TAMBOPATA,170101
1519,146,INAMBARI,170102
1520,146,LAS PIEDRAS,170103
1521,146,LABERINTO,170104
1522,147,MANU,170201
1523,147,FITZCARRALD,170202
1524,147,MADRE DE DIOS,170203
1525,147,HUEPETUHE,170204
1526,148,IÑAPARI,170301
1527,148,IBERIA,170302
1528,148,TAHUAMANU,170303
1529,149,MOQUEGUA,180101
1530,149,CARUMAS,180102
1531,149,CUCHUMBAYA,180103
1532,149,SAMEGUA,180104
1533,149,SAN CRISTOBAL,180105
1534,149,TORATA,180106
1535,149,SAN ANTONIO,180107
1536,150,OMATE,180201
1537,150,CHOJATA,180202
1538,150,COALAQUE,180203
1539,150,ICHUÑA,180204
1540,150,LA CAPILLA,180205
1541,150,LLOQUE,180206
1542,150,MATALAQUE,180207
1543,150,PUQUINA,180208
1544,150,QUINISTAQUILLAS,180209
1545,150,UBINAS,180210
1546,150,YUNGA,180211
1547,151,ILO,180301
1548,151,EL ALGARROBAL,180302
1549,151,PACOCHA,180303
1550,152,CHAUPIMARCA,190101
1551,152,HUACHON,190102
1552,152,HUARIACA,190103
1553,152,HUAYLLAY,190104
1554,152,NINACACA,190105
1555,152,PALLANCHACRA,190106
1556,152,PAUCARTAMBO,190107
1557,152,SAN FRANCISCO DE ASIS DE YARUSYACAN,190108
1558,152,SIMON BOLIVAR,190109
1559,152,TICLACAYAN,190110
1560,152,TINYAHUARCO,190111
1561,152,VICCO,190112
1562,152,YANACANCHA,190113
1563,153,YANAHUANCA,190201
1564,153,CHACAYAN,190202
1565,153,GOYLLARISQUIZGA,190203
1566,153,PAUCAR,190204
1567,153,SAN PEDRO DE PILLAO,190205
1568,153,SANTA ANA DE TUSI,190206
1569,153,TAPUC,190207
1570,153,VILCABAMBA,190208
1571,154,OXAPAMPA,190301
1572,154,CHONTABAMBA,190302
1573,154,HUANCABAMBA,190303
1574,154,PALCAZU,190304
1575,154,POZUZO,190305
1576,154,PUERTO BERMUDEZ,190306
1577,154,VILLA RICA,190307
1578,154,CONSTITUCION,190308
1579,155,PIURA,200101
1580,155,CASTILLA,200104
1581,155,CATACAOS,200105
1582,155,CURA MORI,200107
1583,155,EL TALLAN,200108
1584,155,LA ARENA,200109
1585,155,LA UNION,200110
1586,155,LAS LOMAS,200111
1587,155,TAMBO GRANDE,200114
1588,155,VEINTISEIS DE OCTUBRE,200115
1589,156,AYABACA,200201
1590,156,FRIAS,200202
1591,156,JILILI,200203
1592,156,LAGUNAS,200204
1593,156,MONTERO,200205
1594,156,PACAIPAMPA,200206
1595,156,PAIMAS,200207
1596,156,SAPILLICA,200208
1597,156,SICCHEZ,200209
1598,156,SUYO,200210
1599,157,HUANCABAMBA,200301
1600,157,CANCHAQUE,200302
1601,157,EL CARMEN DE LA FRONTERA,200303
1602,157,HUARMACA,200304
1603,157,LALAQUIZ,200305
1604,157,SAN MIGUEL DE EL FAIQUE,200306
1605,157,SONDOR,200307
1606,157,SONDORILLO,200308
1607,158,CHULUCANAS,200401
1608,158,BUENOS AIRES,200402
1609,158,CHALACO,200403
1610,158,LA MATANZA,200404
1611,158,MORROPON,200405
1612,158,SALITRAL,200406
1613,158,SAN JUAN DE BIGOTE,200407
1614,158,SANTA CATALINA DE MOSSA,200408
1615,158,SANTO DOMINGO,200409
1616,158,YAMANGO,200410
1617,159,PAITA,200501
1618,159,AMOTAPE,200502
1619,159,ARENAL,200503
1620,159,COLAN,200504
1621,159,LA HUACA,200505
1622,159,TAMARINDO,200506
1623,159,VICHAYAL,200507
1624,160,SULLANA,200601
1625,160,BELLAVISTA,200602
1626,160,IGNACIO ESCUDERO,200603
1627,160,LANCONES,200604
1628,160,MARCAVELICA,200605
1629,160,MIGUEL CHECA,200606
1630,160,QUERECOTILLO,200607
1631,160,SALITRAL,200608
1632,161,PARIÑAS,200701
1633,161,EL ALTO,200702
1634,161,LA BREA,200703
1635,161,LOBITOS,200704
1636,161,LOS ORGANOS,200705
1637,161,MANCORA,200706
1638,162,SECHURA,200801
1639,162,BELLAVISTA DE LA UNION,200802
1640,162,BERNAL,200803
1641,162,CRISTO NOS VALGA,200804
1642,162,VICE,200805
1643,162,RINCONADA LLICUAR,200806
1644,163,PUNO,210101
1645,163,ACORA,210102
1646,163,AMANTANI,210103
1647,163,ATUNCOLLA,210104
1648,163,CAPACHICA,210105
1649,163,CHUCUITO,210106
1650,163,COATA,210107
1651,163,HUATA,210108
1652,163,MAÑAZO,210109
1653,163,PAUCARCOLLA,210110
1654,163,PICHACANI,210111
1655,163,PLATERIA,210112
1656,163,SAN ANTONIO,210113
1657,163,TIQUILLACA,210114
1658,163,VILQUE,210115
1659,164,AZANGARO,210201
1660,164,ACHAYA,210202
1661,164,ARAPA,210203
1662,164,ASILLO,210204
1663,164,CAMINACA,210205
1664,164,CHUPA,210206
1665,164,JOSE DOMINGO CHOQUEHUANCA,210207
1666,164,MUÑANI,210208
1667,164,POTONI,210209
1668,164,SAMAN,210210
1669,164,SAN ANTON,210211
1670,164,SAN JOSE,210212
1671,164,SAN JUAN DE SALINAS,210213
1672,164,SANTIAGO DE PUPUJA,210214
1673,164,TIRAPATA,210215
1674,165,MACUSANI,210301
1675,165,AJOYANI,210302
1676,165,AYAPATA,210303
1677,165,COASA,210304
1678,165,CORANI,210305
1679,165,CRUCERO,210306
1680,165,ITUATA,210307
1681,165,OLLACHEA,210308
1682,165,SAN GABAN,210309
1683,165,USICAYOS,210310
1684,166,JULI,210401
1685,166,DESAGUADERO,210402
1686,166,HUACULLANI,210403
1687,166,KELLUYO,210404
1688,166,PISACOMA,210405
1689,166,POMATA,210406
1690,166,ZEPITA,210407
1691,167,ILAVE,210501
1692,167,CAPAZO,210502
1693,167,PILCUYO,210503
1694,167,SANTA ROSA,210504
1695,167,CONDURIRI,210505
1696,168,HUANCANE,210601
1697,168,COJATA,210602
1698,168,HUATASANI,210603
1699,168,INCHUPALLA,210604
1700,168,PUSI,210605
1701,168,ROSASPATA,210606
1702,168,TARACO,210607
1703,168,VILQUE CHICO,210608
1704,169,LAMPA,210701
1705,169,CABANILLA,210702
1706,169,CALAPUJA,210703
1707,169,NICASIO,210704
1708,169,OCUVIRI,210705
1709,169,PALCA,210706
1710,169,PARATIA,210707
1711,169,PUCARA,210708
1712,169,SANTA LUCIA,210709
1713,169,VILAVILA,210710
1714,170,AYAVIRI,210801
1715,170,ANTAUTA,210802
1716,170,CUPI,210803
1717,170,LLALLI,210804
1718,170,MACARI,210805
1719,170,NUÑOA,210806
1720,170,ORURILLO,210807
1721,170,SANTA ROSA,210808
1722,170,UMACHIRI,210809
1723,171,MOHO,210901
1724,171,CONIMA,210902
1725,171,HUAYRAPATA,210903
1726,171,TILALI,210904
1727,172,PUTINA,211001
1728,172,ANANEA,211002
1729,172,PEDRO VILCA APAZA,211003
1730,172,QUILCAPUNCU,211004
1731,172,SINA,211005
1732,173,JULIACA,211101
1733,173,CABANA,211102
1734,173,CABANILLAS,211103
1735,173,CARACOTO,211104
1736,173,SAN MIGUEL,211105
1737,174,SANDIA,211201
1738,174,CUYOCUYO,211202
1739,174,LIMBANI,211203
1740,174,PATAMBUCO,211204
1741,174,PHARA,211205
1742,174,QUIACA,211206
1743,174,SAN JUAN DEL ORO,211207
1744,174,YANAHUAYA,211208
1745,174,ALTO INAMBARI,211209
1746,174,SAN PEDRO DE PUTINA PUNCO,211210
1747,175,YUNGUYO,211301
1748,175,ANAPIA,211302
1749,175,COPANI,211303
1750,175,CUTURAPI,211304
1751,175,OLLARAYA,211305
1752,175,TINICACHI,211306
1753,175,UNICACHI,211307
1754,176,MOYOBAMBA,220101
1755,176,CALZADA,220102
1756,176,HABANA,220103
1757,176,JEPELACIO,220104
1758,176,SORITOR,220105
1759,176,YANTALO,220106
1760,177,BELLAVISTA,220201
1761,177,ALTO BIAVO,220202
1762,177,BAJO BIAVO,220203
1763,177,HUALLAGA,220204
1764,177,SAN PABLO,220205
1765,177,SAN RAFAEL,220206
1766,178,SAN JOSE DE SISA,220301
1767,178,AGUA BLANCA,220302
1768,178,SAN MARTIN,220303
1769,178,SANTA ROSA,220304
1770,178,SHATOJA,220305
1771,179,SAPOSOA,220401
1772,179,ALTO SAPOSOA,220402
1773,179,EL ESLABON,220403
1774,179,PISCOYACU,220404
1775,179,SACANCHE,220405
1776,179,TINGO DE SAPOSOA,220406
1777,180,LAMAS,220501
1778,180,ALONSO DE ALVARADO,220502
1779,180,BARRANQUITA,220503
1780,180,CAYNARACHI,220504
1781,180,CUÑUMBUQUI,220505
1782,180,PINTO RECODO,220506
1783,180,RUMISAPA,220507
1784,180,SAN ROQUE DE CUMBAZA,220508
1785,180,SHANAO,220509
1786,180,TABALOSOS,220510
1787,180,ZAPATERO,220511
1788,181,JUANJUI,220601
1789,181,CAMPANILLA,220602
1790,181,HUICUNGO,220603
1791,181,PACHIZA,220604
1792,181,PAJARILLO,220605
1793,182,PICOTA,220701
1794,182,BUENOS AIRES,220702
1795,182,CASPISAPA,220703
1796,182,PILLUANA,220704
1797,182,PUCACACA,220705
1798,182,SAN CRISTOBAL,220706
1799,182,SAN HILARION,220707
1800,182,SHAMBOYACU,220708
1801,182,TINGO DE PONASA,220709
1802,182,TRES UNIDOS,220710
1803,183,RIOJA,220801
1804,183,AWAJUN,220802
1805,183,ELIAS SOPLIN VARGAS,220803
1806,183,NUEVA CAJAMARCA,220804
1807,183,PARDO MIGUEL,220805
1808,183,POSIC,220806
1809,183,SAN FERNANDO,220807
1810,183,YORONGOS,220808
1811,183,YURACYACU,220809
1812,184,TARAPOTO,220901
1813,184,ALBERTO LEVEAU,220902
1814,184,CACATACHI,220903
1815,184,CHAZUTA,220904
1816,184,CHIPURANA,220905
1817,184,EL PORVENIR,220906
1818,184,HUIMBAYOC,220907
1819,184,JUAN GUERRA,220908
1820,184,LA BANDA DE SHILCAYO,220909
1821,184,MORALES,220910
1822,184,PAPAPLAYA,220911
1823,184,SAN ANTONIO,220912
1824,184,SAUCE,220913
1825,184,SHAPAJA,220914
1826,185,TOCACHE,221001
1827,185,NUEVO PROGRESO,221002
1828,185,POLVORA,221003
1829,185,SHUNTE,221004
1830,185,UCHIZA,221005
1831,185,SANTA LUCIA,221006
1832,186,TACNA,230101
1833,186,ALTO DE LA ALIANZA,230102
1834,186,CALANA,230103
1835,186,CIUDAD NUEVA,230104
1836,186,INCLAN,230105
1837,186,PACHIA,230106
1838,186,PALCA,230107
1839,186,POCOLLAY,230108
1840,186,SAMA,230109
1841,186,CORONEL GREGORIO ALBARRACIN LANCHIPA,230110
1842,186,LA YARADA LOS PALOS,230111
1843,187,CANDARAVE,230201
1844,187,CAIRANI,230202
1845,187,CAMILACA,230203
1846,187,CURIBAYA,230204
1847,187,HUANUARA,230205
1848,187,QUILAHUANI,230206
1849,188,LOCUMBA,230301
1850,188,ILABAYA,230302
1851,188,ITE,230303
1852,189,TARATA,230401
1853,189,HEROES ALBARRACIN,230402
1854,189,ESTIQUE,230403
1855,189,ESTIQUE-PAMPA,230404
1856,189,SITAJARA,230405
1857,189,SUSAPAYA,230406
1858,189,TARUCACHI,230407
1859,189,TICACO,230408
1860,190,TUMBES,240101
1861,190,CORRALES,240102
1862,190,LA CRUZ,240103
1863,190,PAMPAS DE HOSPITAL,240104
1864,190,SAN JACINTO,240105
1865,190,SAN JUAN DE LA VIRGEN,240106
1866,191,ZORRITOS,240201
1867,191,CASITAS,240202
1868,191,CANOAS DE PUNTA SAL,240203
1869,192,ZARUMILLA,240301
1870,192,AGUAS VERDES,240302
1871,192,MATAPALO,240303
1872,192,PAPAYAL,240304
1873,193,CALLERIA,250101
1874,193,CAMPOVERDE,250102
1875,193,IPARIA,250103
1876,193,MASISEA,250104
1877,193,YARINACOCHA,250105
1878,193,NUEVA REQUENA,250106
1879,193,MANANTAY,250107
1880,194,RAIMONDI,250201
1881,194,SEPAHUA,250202
1882,194,TAHUANIA,250203
1883,194,YURUA,250204
1884,195,PADRE ABAD,250301
1885,195,IRAZOLA,250302
1886,195,CURIMANA,250303
1887,195,NESHUYA,250304
1888,195,ALEXANDER VON HUMBOLDT,250305
1889,195,HUIPOCA,250306
1890,195,BOQUERON,250307
1891,196,PURUS,250401
